{
	"info": {
		"_postman_id": "35b44313-a2ec-4153-9271-06b13f6d0471",
		"name": "Service-Consumer",
		"schema": "https://schema.getpostman.com/json/collection/v2.1.0/collection.json",
		"_exporter_id": "41638440"
	},
	"item": [
		{
			"name": "saveConsumer",
			"request": {
				"method": "POST",
				"header": [],
				"body": {
					"mode": "raw",
					"raw": "{\r\n    \"username\":\"Consumer103\",\r\n    \"fullname\":\"vikram Prajapati\",\r\n    \"gender\":\"MALE\",\r\n    \"password\":\"v123\",\r\n    \"role\":\"CONSUMER\",\r\n    \"isActive\":true\r\n}",
					"options": {
						"raw": {
							"language": "json"
						}
					}
				},
				"url": {
					"raw": "localhost:8082/consumer/saveConsumer",
					"host": [
						"localhost"
					],
					"port": "8082",
					"path": [
						"consumer",
						"saveConsumer"
					]
				}
			},
			"response": []
		},
		{
			"name": "deleteConsumerByName",
			"request": {
				"method": "DELETE",
				"header": [],
				"url": {
					"raw": "localhost:8082/consumer/deleteConsumerByUsername/vikram",
					"host": [
						"localhost"
					],
					"port": "8082",
					"path": [
						"consumer",
						"deleteConsumerByUsername",
						"vikram"
					]
				}
			},
			"response": []
		},
		{
			"name": "getConsumerByUsername",
			"request": {
				"auth": {
					"type": "bearer",
					"bearer": [
						{
							"key": "token",
							"value": "eyJhbGciOiJIUzI1NiJ9.eyJyb2xlcyI6WyJDT05TVU1FUiJdLCJzdWIiOiJDb25zdW1lcjEwMyIsImlhdCI6MTc0MTQzODU2MSwiZXhwIjoxNzQxNDM4ODYxfQ.4xn5O4MAJr18YI8hyqUdritr9asch8HVCF75dZhV-OE",
							"type": "string"
						}
					]
				},
				"method": "GET",
				"header": [],
				"url": {
					"raw": "localhost:9099/consumer/getConsumerByUsername/Consumer103",
					"host": [
						"localhost"
					],
					"port": "9099",
					"path": [
						"consumer",
						"getConsumerByUsername",
						"Consumer103"
					]
				}
			},
			"response": []
		},
		{
			"name": "getAllConsumer",
			"request": {
				"auth": {
					"type": "bearer",
					"bearer": [
						{
							"key": "token",
							"value": "eyJhbGciOiJIUzI1NiJ9.eyJyb2xlcyI6WyJET05PUiJdLCJzdWIiOiJkMTAxIiwiaWF0IjoxNzQxNDI4OTQ5LCJleHAiOjE3NDE0MjkyNDl9.ZgbD-2ihEAIqs1sji9rUSAaHBcxKNkFLgrlZ6almWBY",
							"type": "string"
						}
					]
				},
				"method": "GET",
				"header": [],
				"url": {
					"raw": "localhost:9099/consumer/getAllConsumer",
					"host": [
						"localhost"
					],
					"port": "9099",
					"path": [
						"consumer",
						"getAllConsumer"
					]
				}
			},
			"response": []
		},
		{
			"name": "Request Blood",
			"request": {
				"method": "POST",
				"header": [],
				"body": {
					"mode": "raw",
					"raw": "{\r\n    \"username\": \"Aryan\",\r\n    \"role\": \"CONSUMER\",\r\n    \"units\": 3,\r\n    \"quality\": \"Moderate\",\r\n    \"group\": \"BP\",\r\n    \"type\": \"Consumption\"\r\n}",
					"options": {
						"raw": {
							"language": "json"
						}
					}
				},
				"url": {
					"raw": "localhost:9099/consumer/requestBlood",
					"host": [
						"localhost"
					],
					"port": "9099",
					"path": [
						"consumer",
						"requestBlood"
					]
				}
			},
			"response": []
		},
		{
			"name": "Get All Blood Groups",
			"request": {
				"auth": {
					"type": "bearer",
					"bearer": [
						{
							"key": "token",
							"value": "eyJhbGciOiJIUzI1NiJ9.eyJyb2xlcyI6WyJDT05TVU1FUiJdLCJzdWIiOiJDb25zdW1lcjEwMyIsImlhdCI6MTc0MTQzODU2MSwiZXhwIjoxNzQxNDM4ODYxfQ.4xn5O4MAJr18YI8hyqUdritr9asch8HVCF75dZhV-OE",
							"type": "string"
						}
					]
				},
				"method": "GET",
				"header": [],
				"url": {
					"raw": "localhost:9099/consumer/getAllBloodGroups",
					"host": [
						"localhost"
					],
					"port": "9099",
					"path": [
						"consumer",
						"getAllBloodGroups"
					]
				}
			},
			"response": []
		}
	]
}