{
	"info": {
		"_postman_id": "124c7092-9f26-42a2-84fd-d61097a6645a",
		"name": "Service-Auth",
		"schema": "https://schema.getpostman.com/json/collection/v2.1.0/collection.json",
		"_exporter_id": "41638440"
	},
	"item": [
		{
			"name": "login",
			"request": {
				"auth": {
					"type": "noauth"
				},
				"method": "POST",
				"header": [],
				"body": {
					"mode": "raw",
					"raw": "{\r\n    \"username\":\"d101\",\r\n    \"password\":\"101\"\r\n}",
					"options": {
						"raw": {
							"language": "json"
						}
					}
				},
				"url": {
					"raw": "http://localhost:9099/auth/login",
					"protocol": "http",
					"host": [
						"localhost"
					],
					"port": "9099",
					"path": [
						"auth",
						"login"
					]
				}
			},
			"response": []
		},
		{
			"name": "isAdminExists",
			"request": {
				"method": "GET",
				"header": [],
				"url": {
					"raw": "http://localhost:9099/admin/is-admin-exist/aryan101",
					"protocol": "http",
					"host": [
						"localhost"
					],
					"port": "9099",
					"path": [
						"admin",
						"is-admin-exist",
						"aryan101"
					]
				}
			},
			"response": []
		},
		{
			"name": "SaveUser",
			"request": {
				"method": "POST",
				"header": [],
				"body": {
					"mode": "raw",
					"raw": "{\r\n    \"username\":\"geeedd\"\r\n}",
					"options": {
						"raw": {
							"language": "json"
						}
					}
				},
				"url": {
					"raw": "http://localhost:9099/auth/isUser",
					"protocol": "http",
					"host": [
						"localhost"
					],
					"port": "9099",
					"path": [
						"auth",
						"isUser"
					]
				}
			},
			"response": []
		},
		{
			"name": "isUsernameAvail",
			"request": {
				"method": "GET",
				"header": [],
				"url": {
					"raw": "http://localhost:9099/auth/isUsernameAvail/aryan101",
					"protocol": "http",
					"host": [
						"localhost"
					],
					"port": "9099",
					"path": [
						"auth",
						"isUsernameAvail",
						"aryan101"
					]
				}
			},
			"response": []
		}
	]
}