{
	"info": {
		"_postman_id": "0a801d44-cfd0-45ec-992e-8bf40c40a8b9",
		"name": "Service Donor",
		"schema": "https://schema.getpostman.com/json/collection/v2.1.0/collection.json",
		"_exporter_id": "41638440"
	},
	"item": [
		{
			"name": "Service Donor",
			"item": [
				{
					"name": "Save Donor",
					"request": {
						"method": "POST",
						"header": [],
						"body": {
							"mode": "raw",
							"raw": "{\r\n    \"username\":\"Donor101\",\r\n    \"password\":\"101\",\r\n    \"fullName\":\"Panshul Mistry\",\r\n    \"gender\":\"MALE\",\r\n    \"role\":\"DONOR\",\r\n    \"group\":\"BP\",\r\n    \"isActive\":true\r\n}",
							"options": {
								"raw": {
									"language": "json"
								}
							}
						},
						"url": {
							"raw": "localhost:8081/donor/saveDonor",
							"host": [
								"localhost"
							],
							"port": "8081",
							"path": [
								"donor",
								"saveDonor"
							]
						}
					},
					"response": []
				},
				{
					"name": "Get Donor By Username",
					"request": {
						"auth": {
							"type": "bearer",
							"bearer": [
								{
									"key": "token",
									"value": "eyJhbGciOiJIUzI1NiJ9.eyJyb2xlcyI6WyJET05PUiJdLCJzdWIiOiJkMTAxIiwiaWF0IjoxNzQxNDM4OTAzLCJleHAiOjE3NDE0MzkyMDN9.xkwn8sgLIBXpr4k9x2RaikSokNEoD5eMJ7viNYRvo4c",
									"type": "string"
								}
							]
						},
						"method": "GET",
						"header": [],
						"url": {
							"raw": "http://localhost:9099/donor/getDonorByUsername/d101",
							"protocol": "http",
							"host": [
								"localhost"
							],
							"port": "9099",
							"path": [
								"donor",
								"getDonorByUsername",
								"d101"
							]
						}
					},
					"response": []
				},
				{
					"name": "Get All Donors",
					"request": {
						"auth": {
							"type": "bearer",
							"bearer": [
								{
									"key": "token",
									"value": "eyJhbGciOiJIUzI1NiJ9.eyJyb2xlcyI6WyJET05PUiJdLCJzdWIiOiJkMTAxIiwiaWF0IjoxNzQxNDM4OTAzLCJleHAiOjE3NDE0MzkyMDN9.xkwn8sgLIBXpr4k9x2RaikSokNEoD5eMJ7viNYRvo4c",
									"type": "string"
								}
							]
						},
						"method": "GET",
						"header": [
							{
								"key": "bbank-auth-key",
								"value": "built by team NVPA with love",
								"type": "text"
							}
						],
						"url": {
							"raw": "http://localhost:9099/donor/getAllDonors",
							"protocol": "http",
							"host": [
								"localhost"
							],
							"port": "9099",
							"path": [
								"donor",
								"getAllDonors"
							],
							"query": [
								{
									"key": "",
									"value": null,
									"disabled": true
								}
							]
						}
					},
					"response": []
				},
				{
					"name": "Delete Donor By Username",
					"request": {
						"method": "DELETE",
						"header": [],
						"url": {
							"raw": "localhost:9099/donor/deleteDonorByUsername/d101",
							"host": [
								"localhost"
							],
							"port": "9099",
							"path": [
								"donor",
								"deleteDonorByUsername",
								"d101"
							]
						}
					},
					"response": []
				},
				{
					"name": "Donate Blood",
					"request": {
						"method": "POST",
						"header": [],
						"body": {
							"mode": "raw",
							"raw": "{\r\n    \"userName\":\"Panshul Mistry\",\r\n    \"role\":\"DONOR\",\r\n    \"units\":2,\r\n    \"quality\":\"Moderate\",\r\n    \"group\":\"BP\",\r\n    \"type\":\"Donation\"\r\n}",
							"options": {
								"raw": {
									"language": "json"
								}
							}
						},
						"url": {
							"raw": "localhost:9099/donor/donateBlood",
							"host": [
								"localhost"
							],
							"port": "9099",
							"path": [
								"donor",
								"donateBlood"
							]
						}
					},
					"response": []
				},
				{
					"name": "Get All Blood Groups",
					"request": {
						"method": "GET",
						"header": [],
						"url": {
							"raw": "localhost:9099/donor/getAllBloodGroups",
							"host": [
								"localhost"
							],
							"port": "9099",
							"path": [
								"donor",
								"getAllBloodGroups"
							]
						}
					},
					"response": []
				}
			]
		}
	]
}