{
	"info": {
		"_postman_id": "9524bc70-b542-4470-9bb0-57e024f84cbb",
		"name": "service_Admin",
		"schema": "https://schema.getpostman.com/json/collection/v2.1.0/collection.json",
		"_exporter_id": "41638440"
	},
	"item": [
		{
			"name": "registerAdmin",
			"request": {
				"auth": {
					"type": "bearer",
					"bearer": [
						{
							"key": "token",
							"value": "eyJhbGciOiJIUzI1NiJ9.eyJyb2xlcyI6WyJBRE1JTiIsIkRPTk9SIiwiQ09OU1VNRVIiXSwic3ViIjoiYXJ5YW4xMDEiLCJpYXQiOjE3NDE0MzgwMzQsImV4cCI6MTc0MTQzODMzNH0.6m2QRfoHDlCvy36k6gyYmgsWKBRmkjdlNKfQ5MwXYaw",
							"type": "string"
						}
					]
				},
				"method": "POST",
				"header": [],
				"body": {
					"mode": "raw",
					"raw": "{\r\n    \"name\": \"Panshul\",\r\n    \"gender\": \"MALE\",\r\n    \"username\": \"aryan102\",\r\n    \"password\": \"a102\",\r\n    \"role\": \"ADMIN\",\r\n    \"isActive\": true\r\n}",
					"options": {
						"raw": {
							"language": "json"
						}
					}
				},
				"url": {
					"raw": "http://localhost:9099/admin/register",
					"protocol": "http",
					"host": [
						"localhost"
					],
					"port": "9099",
					"path": [
						"admin",
						"register"
					]
				}
			},
			"response": []
		},
		{
			"name": "getAllAdmin",
			"request": {
				"auth": {
					"type": "bearer",
					"bearer": [
						{
							"key": "token",
							"value": "eyJhbGciOiJIUzI1NiJ9.eyJyb2xlcyI6WyJBRE1JTiIsIkRPTk9SIiwiQ09OU1VNRVIiXSwic3ViIjoiYXJ5YW4xMDEiLCJpYXQiOjE3NDE0MzgwMzQsImV4cCI6MTc0MTQzODMzNH0.6m2QRfoHDlCvy36k6gyYmgsWKBRmkjdlNKfQ5MwXYaw",
							"type": "string"
						}
					]
				},
				"method": "GET",
				"header": [],
				"url": {
					"raw": "http://localhost:9099/admin/getAllAdmin",
					"protocol": "http",
					"host": [
						"localhost"
					],
					"port": "9099",
					"path": [
						"admin",
						"getAllAdmin"
					]
				}
			},
			"response": []
		},
		{
			"name": "getAdminByUsername",
			"request": {
				"auth": {
					"type": "bearer",
					"bearer": [
						{
							"key": "token",
							"value": "eyJhbGciOiJIUzI1NiJ9.eyJyb2xlcyI6WyJBRE1JTiIsIkRPTk9SIiwiQ09OU1VNRVIiXSwic3ViIjoiYXJ5YW4xMDEiLCJpYXQiOjE3NDE0MzgwMzQsImV4cCI6MTc0MTQzODMzNH0.6m2QRfoHDlCvy36k6gyYmgsWKBRmkjdlNKfQ5MwXYaw",
							"type": "string"
						}
					]
				},
				"method": "POST",
				"header": [],
				"url": {
					"raw": "http://localhost:9099/admin/getAdmin/aryan101",
					"protocol": "http",
					"host": [
						"localhost"
					],
					"port": "9099",
					"path": [
						"admin",
						"getAdmin",
						"aryan101"
					]
				}
			},
			"response": []
		},
		{
			"name": "deleteAdminByUsername",
			"request": {
				"auth": {
					"type": "bearer",
					"bearer": [
						{
							"key": "token",
							"value": "eyJhbGciOiJIUzI1NiJ9.eyJyb2xlcyI6WyJBRE1JTiIsIkRPTk9SIiwiQ09OU1VNRVIiXSwic3ViIjoiYXJ5YW4xMDEiLCJpYXQiOjE3NDE0MzgwMzQsImV4cCI6MTc0MTQzODMzNH0.6m2QRfoHDlCvy36k6gyYmgsWKBRmkjdlNKfQ5MwXYaw",
							"type": "string"
						}
					]
				},
				"method": "GET",
				"header": [],
				"url": {
					"raw": "http://localhost:9099/admin/deleteAdmin/aryan",
					"protocol": "http",
					"host": [
						"localhost"
					],
					"port": "9099",
					"path": [
						"admin",
						"deleteAdmin",
						"aryan"
					]
				}
			},
			"response": []
		},
		{
			"name": "deleteUser",
			"request": {
				"auth": {
					"type": "bearer",
					"bearer": [
						{
							"key": "token",
							"value": "eyJhbGciOiJIUzI1NiJ9.eyJyb2xlcyI6WyJBRE1JTiIsIkRPTk9SIiwiQ09OU1VNRVIiXSwic3ViIjoiYXJ5YW4xMDEiLCJpYXQiOjE3NDE0MzgwMzQsImV4cCI6MTc0MTQzODMzNH0.6m2QRfoHDlCvy36k6gyYmgsWKBRmkjdlNKfQ5MwXYaw",
							"type": "string"
						}
					]
				},
				"method": "DELETE",
				"header": [],
				"url": {
					"raw": "http://localhost:9099/admin/deleteUser/Consumer101",
					"protocol": "http",
					"host": [
						"localhost"
					],
					"port": "9099",
					"path": [
						"admin",
						"deleteUser",
						"Consumer101"
					]
				}
			},
			"response": []
		},
		{
			"name": "Get all Blood Group Samples",
			"request": {
				"auth": {
					"type": "bearer",
					"bearer": [
						{
							"key": "token",
							"value": "eyJhbGciOiJIUzI1NiJ9.eyJyb2xlcyI6WyJBRE1JTiIsIkRPTk9SIiwiQ09OU1VNRVIiXSwic3ViIjoiYXJ5YW4xMDEiLCJpYXQiOjE3NDE0MzgwMzQsImV4cCI6MTc0MTQzODMzNH0.6m2QRfoHDlCvy36k6gyYmgsWKBRmkjdlNKfQ5MwXYaw",
							"type": "string"
						}
					]
				},
				"method": "GET",
				"header": [],
				"url": {
					"raw": "http://localhost:9099/admin/get-all-blood-group-samples/BP",
					"protocol": "http",
					"host": [
						"localhost"
					],
					"port": "9099",
					"path": [
						"admin",
						"get-all-blood-group-samples",
						"BP"
					]
				}
			},
			"response": []
		},
		{
			"name": "Get All Blood Group Transactions",
			"request": {
				"auth": {
					"type": "bearer",
					"bearer": [
						{
							"key": "token",
							"value": "eyJhbGciOiJIUzI1NiJ9.eyJyb2xlcyI6WyJBRE1JTiIsIkRPTk9SIiwiQ09OU1VNRVIiXSwic3ViIjoiYXJ5YW4xMDEiLCJpYXQiOjE3NDE0MzgzMTEsImV4cCI6MTc0MTQzODYxMX0.UimUdIb6WTs3OLaKQuLwZjuXuSl2IeRMivHKVBD926c",
							"type": "string"
						}
					]
				},
				"method": "GET",
				"header": [],
				"url": {
					"raw": "http://localhost:9099/admin/get-all-blood-group-transactions/BP",
					"protocol": "http",
					"host": [
						"localhost"
					],
					"port": "9099",
					"path": [
						"admin",
						"get-all-blood-group-transactions",
						"BP"
					]
				}
			},
			"response": []
		},
		{
			"name": "GET All Blood Group Transactions (Type)",
			"request": {
				"auth": {
					"type": "bearer",
					"bearer": [
						{
							"key": "token",
							"value": "eyJhbGciOiJIUzI1NiJ9.eyJyb2xlcyI6WyJBRE1JTiIsIkRPTk9SIiwiQ0VNRVIiXSwic3ViIjoiYXJ5YW4xMDEiLCJpYXQiOjE3NDE0MzgzMTEsImV4cCI6MTc0MTQzODYxMX0.UimUdIb6WTs3OLaKQuLwZjuXuSl2IeRMivHKVBD926c",
							"type": "string"
						}
					]
				},
				"method": "GET",
				"header": [],
				"url": {
					"raw": "http://localhost:9099/admin/get-all-blood-group-transactions-asper-type/BP/Consumption",
					"protocol": "http",
					"host": [
						"localhost"
					],
					"port": "9099",
					"path": [
						"admin",
						"get-all-blood-group-transactions-asper-type",
						"BP",
						"Consumption"
					]
				}
			},
			"response": []
		},
		{
			"name": "GET All Blood Samples (Quality)",
			"request": {
				"auth": {
					"type": "bearer",
					"bearer": [
						{
							"key": "token",
							"value": "eyJhbGciOiJIUzI1NiJ9.yb2xlcyI6WyJBRE1JTiIsIkRPTk9SIiwiQ09OU1VNRVIiXSwic3ViIjoiYXJ5YW4xMDEiLCJpYXQiOjE3NDE0MzgzMTEsImV4cCI6MTc0MTQzODYxMX0.UimUdIb6WTs3OLaKQuLwZjuXuSl2IeRMivHKVBD926c",
							"type": "string"
						}
					]
				},
				"method": "GET",
				"header": [],
				"url": {
					"raw": "http://localhost:9099/admin/get-all-blood-group-samples-asper-quality/BP/VeryHigh",
					"protocol": "http",
					"host": [
						"localhost"
					],
					"port": "9099",
					"path": [
						"admin",
						"get-all-blood-group-samples-asper-quality",
						"BP",
						"VeryHigh"
					]
				}
			},
			"response": []
		},
		{
			"name": "Add Blood Group",
			"request": {
				"auth": {
					"type": "bearer",
					"bearer": [
						{
							"key": "token",
							"value": "eyJhbGciOiJIUziJ9.eyJyb2xlcyI6WyJBRE1JTiIsIkRPTk9SIiwiQ09OU1VNRVIiXSwic3ViIjoiYXJ5YW4xMDEiLCJpYXQiOjE3NDE0MzgwMzQsImV4cCI6MTc0MTQzODMzNH0.6m2QRfoHDlCvy36k6gyYmgsWKBRmkjdlNKfQ5MwXYaw",
							"type": "string"
						}
					]
				},
				"method": "POST",
				"header": [],
				"url": {
					"raw": "http://localhost:9099/admin/add-blood-group/BP",
					"protocol": "http",
					"host": [
						"localhost"
					],
					"port": "9099",
					"path": [
						"admin",
						"add-blood-group",
						"BP"
					]
				}
			},
			"response": []
		},
		{
			"name": "GET all Blood Groups",
			"request": {
				"auth": {
					"type": "bearer",
					"bearer": [
						{
							"key": "token",
							"value": "eyJhbGcJIUzI1NiJ9.eyJyb2xlcyI6WyJBRE1JTiIsIkRPTk9SIiwiQ09OU1VNRVIiXSwic3ViIjoiYXJ5YW4xMDEiLCJpYXQiOjE3NDE0MzgzMTEsImV4cCI6MTc0MTQzODYxMX0.UimUdIb6WTs3OLaKQuLwZjuXuSl2IeRMivHKVBD926c",
							"type": "string"
						}
					]
				},
				"method": "GET",
				"header": [],
				"url": {
					"raw": "http://localhost:9099/admin/get-all-blood-groups",
					"protocol": "http",
					"host": [
						"localhost"
					],
					"port": "9099",
					"path": [
						"admin",
						"get-all-blood-groups"
					]
				}
			},
			"response": []
		}
	]
}